frame,people_in_frame,cumulative_in,cumulative_out,waiting_total,tables_occupied,tables_total
0,5,0,0,1,1,5
1,5,0,0,1,1,5
2,5,0,0,1,1,5
3,5,0,0,1,1,5
4,5,0,0,1,1,5
5,4,0,0,1,1,5
6,4,0,0,1,1,5
7,6,0,0,2,1,5
8,5,0,0,1,1,5
9,6,0,0,1,1,5
10,6,0,0,1,1,5
11,5,0,0,1,0,5
12,6,0,0,1,1,5
13,6,0,0,1,1,5
14,5,0,0,1,0,5
15,5,0,0,1,0,5
16,6,0,0,2,0,5
17,5,0,0,2,1,5
18,5,0,0,2,1,5
19,5,0,0,1,1,5
20,5,0,0,2,1,5
21,5,0,0,2,1,5
22,5,0,0,2,1,5
23,5,0,0,2,1,5
24,6,0,0,2,1,5
25,7,0,0,2,1,5
26,7,0,0,2,1,5
27,6,0,0,1,1,5
28,6,0,0,1,1,5
29,6,0,0,1,1,5
30,7,0,0,2,1,5
31,7,0,0,2,1,5
32,7,0,0,2,1,5
33,8,0,0,2,1,5
34,9,0,0,2,1,5
35,8,0,0,2,1,5
36,7,0,0,1,1,5
37,7,0,0,1,1,5
38,8,0,0,2,1,5
39,8,0,0,2,1,5
40,8,0,0,2,1,5
41,8,0,0,2,1,5
42,7,0,0,2,1,5
43,8,0,0,2,1,5
44,8,0,0,2,1,5
45,8,0,0,2,1,5
46,8,0,0,2,1,5
47,8,0,0,2,1,5
48,7,1,0,1,1,5
49,9,1,0,2,1,5
50,9,1,0,2,1,5
51,8,1,0,2,1,5
52,8,1,0,2,1,5
53,9,1,0,2,1,5
54,7,1,0,1,1,5
55,7,1,0,1,1,5
56,7,1,0,1,1,5
57,7,1,0,2,1,5
58,7,1,0,2,1,5
59,7,1,0,2,1,5
60,6,1,0,1,1,5
61,7,1,0,1,1,5
62,7,1,0,1,1,5
63,7,1,0,0,1,5
64,7,1,0,0,1,5
65,7,1,0,0,1,5
66,5,1,0,0,1,5
67,5,1,0,0,1,5
68,5,1,0,0,1,5
69,7,1,0,1,1,5
70,7,1,0,1,1,5
71,7,1,0,1,1,5
72,5,1,0,1,1,5
73,5,1,0,1,1,5
74,4,1,0,0,1,5
75,5,1,0,0,1,5
76,6,1,0,0,1,5
77,7,1,0,1,1,5
78,7,1,0,2,1,5
79,7,1,0,2,1,5
80,6,1,0,1,1,5
81,8,1,0,2,1,5
82,8,1,0,2,1,5
83,8,1,0,2,1,5
84,7,1,0,1,1,5
85,8,1,0,1,1,5
86,8,1,0,1,1,5
87,8,1,0,1,1,5
88,9,1,0,1,1,5
89,9,1,0,1,1,5
90,7,1,0,1,1,5
91,9,1,0,1,1,5
92,9,1,0,1,1,5
93,6,1,0,1,1,5
94,6,1,0,1,1,5
95,6,1,0,1,1,5
96,7,1,0,1,1,5
97,7,1,0,1,1,5
98,7,1,0,1,1,5
99,6,1,0,1,1,5
100,6,1,0,1,1,5
101,6,1,0,1,1,5
102,9,2,0,1,1,5
103,9,2,0,1,1,5
104,9,2,0,1,1,5
105,9,2,0,1,1,5
106,9,2,0,1,1,5
107,9,2,0,1,1,5
108,9,2,0,2,1,5
109,10,2,0,2,1,5
110,10,2,0,2,1,5
111,10,2,0,2,1,5
112,8,2,0,1,1,5
113,8,2,0,2,1,5
114,8,2,0,2,1,5
115,8,2,0,2,1,5
116,8,2,0,2,1,5
117,8,2,0,2,1,5
118,8,2,0,3,1,5
119,7,2,0,2,1,5
120,7,2,0,2,1,5
121,6,2,0,2,1,5
122,8,2,0,2,1,5
123,8,2,0,2,1,5
124,7,2,0,1,1,5
125,8,2,0,1,1,5
126,7,2,0,1,1,5
127,7,2,0,1,1,5
128,8,2,0,2,1,5
129,9,2,0,3,1,5
130,6,2,0,1,1,5
131,6,2,0,1,1,5
132,6,2,0,1,1,5
133,8,2,0,2,1,5
134,10,2,0,3,1,5
135,10,2,0,3,1,5
136,7,2,0,1,1,5
137,7,2,0,1,1,5
138,7,2,0,1,1,5
139,6,2,0,0,1,5
140,6,2,0,0,1,5
141,6,2,0,0,1,5
142,7,2,0,1,1,5
143,6,2,0,0,1,5
144,6,2,0,0,1,5
145,6,2,0,0,1,5
146,6,2,0,0,1,5
147,6,2,0,0,1,5
148,6,2,0,0,1,5
149,6,2,0,0,1,5
150,6,2,0,0,1,5
151,6,2,0,0,1,5
152,6,2,0,0,1,5
153,6,2,0,0,1,5
154,7,2,0,0,1,5
155,5,2,0,0,1,5
156,6,2,0,0,1,5
157,6,2,0,0,1,5
158,6,2,0,0,1,5
159,6,2,0,0,1,5
160,6,2,0,0,1,5
161,7,2,0,1,1,5
162,7,2,0,1,1,5
163,6,2,0,0,1,5
164,7,2,0,1,1,5
165,7,2,0,1,1,5
166,5,2,0,1,1,5
167,6,2,0,1,1,5
168,6,2,0,1,1,5
169,6,2,0,2,1,5
170,7,2,0,3,1,5
171,7,2,0,3,1,5
172,7,2,0,3,1,5
173,7,2,0,3,1,5
174,7,2,0,3,1,5
175,5,2,0,1,1,5
176,6,2,0,1,1,5
177,6,2,0,1,1,5
178,8,2,0,3,1,5
179,8,2,0,3,1,5
180,8,2,0,3,1,5
181,6,2,0,0,1,5
182,6,2,0,0,1,5
183,6,2,0,0,1,5
184,7,2,0,1,1,5
185,7,2,0,1,1,5
186,7,2,0,1,1,5
187,5,2,0,0,1,5
188,5,2,0,0,1,5
189,4,2,0,0,1,5
190,5,2,0,1,1,5
191,5,2,0,1,1,5
192,5,2,0,1,1,5
193,4,2,0,0,1,5
194,4,2,0,0,1,5
195,4,2,0,0,1,5
196,4,2,0,0,1,5
197,4,2,0,1,0,5
198,4,2,0,1,0,5
199,4,2,0,1,0,5
200,5,2,0,2,0,5
201,5,2,0,2,0,5
202,5,2,0,2,0,5
203,6,2,0,2,0,5
204,6,2,0,2,0,5
205,6,2,0,2,0,5
206,5,2,0,2,0,5
207,6,2,0,2,0,5
208,6,2,0,2,0,5
209,7,2,0,1,0,5
210,7,2,0,1,0,5
211,7,2,0,1,0,5
212,7,2,0,2,0,5
213,7,2,0,2,0,5
214,7,2,0,2,0,5
215,5,2,0,1,0,5
216,6,2,0,1,0,5
217,6,2,0,1,0,5
218,5,2,0,1,0,5
219,5,2,0,2,0,5
220,6,2,0,2,0,5
221,7,2,0,2,0,5
222,7,2,0,2,0,5
223,7,2,0,2,0,5
224,5,2,0,1,0,5
225,5,2,0,1,0,5
226,5,2,0,1,0,5
227,5,2,0,1,0,5
228,5,2,0,1,0,5
229,5,2,0,1,0,5
230,4,2,0,2,0,5
231,5,2,0,3,0,5
232,5,2,0,3,0,5
233,5,2,0,3,0,5
234,5,2,0,3,0,5
235,5,2,0,3,0,5
236,4,2,0,2,0,5
237,5,2,0,2,0,5
238,5,2,0,2,0,5
239,4,2,0,1,0,5
240,4,2,0,1,0,5
241,4,2,0,1,0,5
242,6,2,0,3,0,5
243,6,2,0,3,0,5
244,6,2,0,3,0,5
245,5,2,0,2,0,5
246,5,2,0,2,0,5
247,5,2,0,2,0,5
248,5,2,0,2,0,5
249,5,2,0,2,0,5
250,4,2,0,1,0,5
251,4,2,0,1,0,5
252,4,2,0,1,0,5
253,3,2,0,1,0,5
254,4,2,0,1,0,5
255,5,2,0,1,0,5
256,5,2,0,1,0,5
257,5,2,0,1,0,5
258,4,2,0,1,0,5
259,4,2,0,1,0,5
260,7,2,0,2,0,5
261,8,2,0,2,0,5
262,9,2,0,2,0,5
263,7,2,0,2,0,5
264,7,2,0,2,0,5
265,7,2,0,2,0,5
266,5,2,0,1,0,5
267,7,2,0,1,0,5
268,7,2,0,1,0,5
269,7,2,0,2,0,5
270,7,2,0,2,0,5
271,7,2,0,2,0,5
272,6,2,0,2,0,5
273,7,2,0,2,0,5
274,7,2,0,2,0,5
275,5,2,0,1,0,5
276,6,2,0,1,0,5
277,5,2,0,1,0,5
278,6,2,0,1,0,5
279,6,2,0,1,0,5
280,6,2,0,1,0,5
281,7,2,0,2,0,5
282,6,2,0,1,0,5
283,6,2,0,1,0,5
284,6,2,0,1,0,5
285,6,2,0,1,0,5
286,6,2,0,1,0,5
287,6,2,0,1,0,5
288,5,2,0,1,0,5
289,5,2,0,1,0,5
290,5,2,0,1,0,5
291,5,2,0,2,0,5
292,5,2,0,2,0,5
293,5,2,0,2,0,5
294,5,2,0,1,0,5
295,7,2,0,2,0,5
296,7,2,0,2,0,5
297,5,2,0,1,0,5
298,5,2,0,1,0,5
299,5,2,0,1,0,5
300,6,2,0,2,0,5
301,6,2,0,2,0,5
302,6,2,0,2,0,5
303,5,2,0,0,0,5
304,5,2,0,0,0,5
305,5,2,0,0,0,5
306,5,2,0,1,0,5
307,5,2,0,1,0,5
308,5,2,0,1,0,5
309,4,2,0,1,0,5
310,3,2,0,1,0,5
311,3,2,0,1,0,5
312,4,2,0,1,0,5
313,4,2,0,1,0,5
314,4,2,0,1,0,5
315,4,2,0,1,0,5
316,6,2,0,2,0,5
317,6,2,0,2,0,5
318,4,2,0,1,1,5
319,4,2,0,1,1,5
320,4,2,0,1,1,5
321,6,2,0,3,1,5
322,4,2,0,2,1,5
323,5,2,0,3,1,5
324,6,2,0,3,1,5
325,6,2,0,3,1,5
326,6,2,0,3,1,5
327,5,2,0,3,1,5
328,5,2,0,3,1,5
329,5,2,0,3,1,5
330,6,2,0,2,1,5
331,6,2,0,2,1,5
332,6,2,0,2,1,5
333,5,2,0,3,1,5
334,5,2,0,3,1,5
335,5,2,0,3,1,5
336,7,2,0,4,1,5
337,7,2,0,4,1,5
338,7,2,0,4,1,5
339,5,2,0,3,1,5
340,5,2,0,3,1,5
341,5,2,0,3,1,5
342,6,2,0,2,1,5
343,6,2,0,2,1,5
344,6,2,0,2,1,5
345,7,2,0,3,1,5
346,6,2,0,3,1,5
347,6,2,0,3,1,5
348,7,2,0,3,1,5
349,7,2,0,3,1,5
350,7,2,0,3,1,5
351,7,2,0,4,1,5
352,8,2,0,4,1,5
353,8,2,0,4,1,5
354,7,2,0,4,1,5
355,7,2,0,4,1,5
356,7,2,0,4,1,5
357,8,2,0,4,1,5
358,8,2,0,4,1,5
359,7,2,0,4,1,5
360,7,2,0,3,1,5
361,7,2,0,3,1,5
362,7,2,0,3,1,5
363,7,2,0,3,1,5
364,7,2,0,3,1,5
365,7,2,0,3,1,5
366,8,2,0,4,1,5
367,8,2,0,4,1,5
368,8,2,0,4,1,5
369,8,2,0,3,1,5
370,8,2,0,3,1,5
371,8,2,0,3,1,5
372,8,2,0,3,1,5
373,9,2,0,3,1,5
374,8,2,0,3,1,5
375,8,2,0,3,1,5
376,8,2,0,3,1,5
377,8,2,0,3,1,5
378,8,2,0,3,1,5
379,9,2,0,3,1,5
380,9,2,0,3,1,5
381,9,2,0,3,1,5
382,7,2,0,2,1,5
383,7,2,0,2,1,5
384,7,2,0,2,1,5
385,7,2,0,3,1,5
386,7,2,0,3,1,5
387,7,2,0,3,1,5
388,7,2,0,3,1,5
389,7,2,0,3,1,5
390,7,2,0,3,1,5
391,7,2,0,3,0,5
392,7,2,0,3,0,5
393,7,2,0,3,0,5
394,8,2,0,3,1,5
395,8,2,0,3,1,5
396,8,2,0,3,1,5
397,7,2,0,2,1,5
398,7,2,0,2,1,5
399,7,2,0,2,1,5
400,8,2,0,4,1,5
401,8,2,0,4,1,5
402,8,2,0,4,1,5
403,8,2,0,4,1,5
404,8,2,0,4,1,5
405,8,2,0,4,1,5
406,6,2,0,3,1,5
407,6,2,0,3,1,5
408,6,2,0,3,1,5
409,7,2,0,4,0,5
410,8,2,0,4,0,5
411,8,2,0,4,1,5
412,8,2,0,3,1,5
413,8,2,0,3,1,5
414,8,2,0,3,1,5
415,7,2,0,3,1,5
416,7,2,0,3,1,5
417,7,2,0,3,1,5
418,6,2,0,2,1,5
419,7,2,0,2,1,5
420,7,2,0,2,1,5
421,7,2,0,2,1,5
422,7,2,0,2,1,5
423,7,2,0,2,1,5
424,8,2,0,4,1,5
425,8,2,0,3,1,5
426,8,2,0,3,1,5
427,8,2,0,3,1,5
428,8,2,0,3,1,5
429,8,2,0,3,1,5
430,9,2,0,3,1,5
431,9,2,0,3,1,5
432,9,2,0,3,1,5
433,7,2,0,3,1,5
434,7,2,0,3,1,5
435,7,2,0,3,1,5
436,9,2,0,3,1,5
437,8,2,0,3,1,5
438,8,2,0,3,1,5
439,8,2,0,3,1,5
440,9,2,0,4,1,5
441,10,2,0,4,1,5
442,8,2,0,4,1,5
443,8,2,0,4,1,5
444,8,2,0,4,1,5
445,8,2,0,4,1,5
446,8,2,0,4,1,5
447,8,2,0,4,1,5
448,8,2,0,4,1,5
449,8,2,0,4,1,5
450,8,2,0,4,1,5
451,8,2,0,4,1,5
452,8,2,0,4,1,5
453,8,2,0,4,1,5
454,7,2,0,3,1,5
455,7,2,0,3,1,5
456,7,2,0,3,1,5
457,7,2,0,3,1,5
458,8,2,0,4,1,5
459,7,2,0,3,1,5
460,7,2,0,3,1,5
461,7,2,0,3,1,5
462,6,2,0,2,1,5
463,7,2,0,3,1,5
464,8,2,0,4,1,5
465,7,2,0,4,0,5
466,7,2,0,4,0,5
467,6,2,0,3,0,5
468,6,2,0,3,0,5
469,6,2,0,3,0,5
470,7,2,0,4,0,5
471,7,2,0,4,0,5
472,7,2,0,4,0,5
473,7,2,0,3,1,5
474,7,2,0,3,1,5
475,7,2,0,3,1,5
476,7,2,0,3,1,5
477,7,2,0,3,1,5
478,7,2,0,3,1,5
479,7,2,0,4,0,5
480,8,2,0,4,0,5
481,8,2,0,4,0,5
482,7,2,0,3,1,5
483,7,2,0,3,1,5
484,7,2,0,3,1,5
485,4,2,0,1,0,5
486,5,2,0,1,0,5
487,6,2,0,1,0,5
488,6,2,0,1,0,5
489,6,2,0,1,0,5
490,6,2,0,1,0,5
491,7,2,0,2,1,5
492,7,2,0,2,1,5
493,7,2,0,2,1,5
494,7,2,0,2,1,5
495,7,2,0,2,1,5
496,7,2,0,2,1,5
497,6,2,0,1,1,5
498,7,2,0,1,1,5
499,7,2,0,1,1,5
500,6,2,0,1,0,5
501,6,2,0,1,0,5
502,6,2,0,1,0,5
503,7,2,0,1,1,5
504,7,2,0,1,1,5
505,7,2,0,1,1,5
506,8,2,0,1,1,5
507,9,2,0,1,1,5
508,9,2,0,1,1,5
509,9,2,0,1,1,5
510,9,2,0,1,1,5
511,9,2,0,1,1,5
512,8,2,0,1,1,5
513,8,2,0,1,1,5
514,8,2,0,1,1,5
515,8,2,0,1,1,5
516,8,2,0,1,1,5
517,8,2,0,1,1,5
518,9,2,0,2,1,5
519,9,2,0,2,1,5
520,9,2,0,2,1,5
521,9,2,0,2,1,5
522,9,2,0,2,1,5
523,9,2,0,2,1,5
524,9,2,0,3,1,5
525,9,2,0,3,1,5
526,8,2,0,2,1,5
527,9,2,0,3,1,5
528,9,2,0,3,1,5
529,9,2,0,3,1,5
530,9,2,0,3,1,5
531,9,2,0,3,1,5
532,9,2,0,3,1,5
533,9,2,0,3,1,5
534,9,2,0,3,1,5
535,9,2,0,3,1,5
536,8,2,0,3,1,5
537,9,2,0,3,1,5
538,9,2,0,3,1,5
539,7,2,0,2,1,5
540,7,2,0,2,1,5
541,7,2,0,2,1,5
542,8,2,0,2,1,5
543,8,2,0,2,1,5
544,8,2,0,2,1,5
545,7,2,0,2,1,5
546,8,2,0,3,1,5
547,8,2,0,3,1,5
548,8,2,0,3,1,5
549,7,2,0,1,1,5
550,6,2,0,0,1,5
551,6,2,0,0,1,5
552,8,2,0,2,1,5
553,8,2,0,2,1,5
554,8,2,0,2,1,5
555,8,2,0,2,1,5
556,8,2,0,2,1,5
557,8,2,0,2,1,5
558,8,2,0,3,1,5
559,8,2,0,3,1,5
560,8,2,0,3,1,5
561,8,2,0,3,1,5
562,8,2,0,3,1,5
563,8,2,0,3,1,5
564,8,2,0,3,1,5
565,8,2,0,3,1,5
566,8,2,0,3,1,5
567,8,2,0,3,1,5
568,8,2,0,3,1,5
569,8,2,0,3,1,5
570,8,2,0,3,1,5
571,8,2,0,3,1,5
572,8,2,0,3,1,5
573,8,2,0,3,1,5
574,8,2,0,3,1,5
575,8,2,0,3,1,5
576,7,2,0,3,1,5
577,8,2,0,3,1,5
578,8,2,0,3,1,5
579,7,2,0,3,1,5
580,8,2,0,3,1,5
581,8,2,0,3,1,5
582,8,2,0,3,1,5
583,8,2,0,3,1,5
584,8,2,0,3,1,5
585,6,2,0,2,1,5
586,6,2,0,2,1,5
587,6,2,0,2,1,5
588,6,2,0,3,1,5
589,7,2,0,3,1,5
590,7,2,0,3,1,5
591,6,2,0,2,1,5
592,7,2,0,2,1,5
593,7,2,0,2,1,5
594,8,2,0,3,1,5
595,8,2,0,3,1,5
596,8,2,0,3,1,5
597,9,2,0,3,1,5
598,9,2,0,3,1,5
599,9,2,0,3,1,5
600,8,2,0,2,1,5
601,8,2,0,2,1,5
602,8,2,0,2,1,5
603,8,2,0,2,1,5
604,8,2,0,2,1,5
605,7,2,0,2,1,5
606,8,2,0,2,1,5
607,8,2,0,2,1,5
608,7,2,0,2,1,5
609,7,2,0,2,1,5
610,7,2,0,2,1,5
611,6,2,0,2,1,5
612,5,2,0,1,1,5
613,5,2,0,1,1,5
614,5,2,0,1,1,5
615,5,2,0,1,1,5
616,5,2,0,1,1,5
617,5,2,0,1,1,5
618,6,2,0,1,1,5
619,6,2,0,1,1,5
620,6,2,0,1,1,5
621,8,2,0,3,1,5
622,8,2,0,3,1,5
623,8,2,0,3,1,5
624,6,2,0,1,1,5
625,6,2,0,1,1,5
626,6,2,0,1,1,5
627,6,2,0,1,1,5
628,6,2,0,1,1,5
629,6,2,0,1,1,5
630,6,2,0,1,1,5
631,6,2,0,1,1,5
632,6,2,0,1,1,5
633,6,2,0,1,1,5
634,6,2,0,1,1,5
635,6,2,0,1,1,5
636,6,2,0,1,1,5
637,6,2,0,1,1,5
638,6,2,0,1,1,5
639,6,2,0,1,1,5
640,7,2,0,1,1,5
641,7,2,0,1,1,5
642,7,2,0,1,1,5
643,7,2,0,1,1,5
644,7,2,0,1,1,5
645,7,2,0,1,1,5
646,7,2,0,1,1,5
647,6,2,0,1,1,5
648,6,2,0,1,1,5
649,6,2,0,1,1,5
650,6,2,0,1,1,5
651,6,2,0,1,1,5
652,7,2,0,2,0,5
653,6,2,0,1,0,5
654,6,2,0,1,0,5
655,7,2,0,2,0,5
656,7,2,0,2,0,5
657,7,2,0,2,0,5
658,6,2,0,2,0,5
659,6,2,0,2,0,5
660,6,2,0,2,0,5
661,6,2,0,2,0,5
662,6,2,0,2,0,5
663,6,2,0,2,0,5
664,6,2,0,2,0,5
665,6,2,0,2,0,5
666,6,2,0,2,0,5
667,6,2,0,2,0,5
668,6,2,0,2,0,5
669,6,2,0,1,1,5
670,6,2,0,1,1,5
671,6,2,0,1,1,5
672,6,2,0,1,1,5
673,6,2,0,1,1,5
674,7,2,0,1,1,5
675,7,2,0,1,1,5
676,6,2,0,1,1,5
677,7,2,0,1,1,5
678,6,2,0,1,1,5
679,6,2,0,1,1,5
680,6,2,0,1,1,5
681,6,2,0,1,1,5
682,6,2,0,1,1,5
683,6,2,0,1,1,5
684,6,2,0,1,1,5
685,6,2,0,1,1,5
686,6,2,0,1,1,5
687,6,2,0,1,1,5
688,6,2,0,1,1,5
689,6,2,0,1,1,5
690,6,2,0,1,1,5
691,6,2,0,1,1,5
692,6,2,0,1,1,5
693,6,2,0,1,1,5
694,6,2,0,1,1,5
695,6,2,0,1,1,5
696,6,2,0,1,1,5
697,6,2,0,1,1,5
698,6,2,0,1,1,5
699,6,2,0,1,1,5
700,6,2,0,1,1,5
701,7,2,0,1,1,5
702,8,2,0,2,1,5
703,7,2,0,1,1,5
704,7,2,0,1,1,5
705,7,2,0,1,1,5
706,5,2,0,1,1,5
707,6,2,0,1,1,5
708,6,2,0,1,1,5
709,6,2,0,1,1,5
710,5,2,0,1,1,5
711,5,2,0,1,1,5
712,5,2,0,1,1,5
713,5,2,0,1,1,5
714,5,2,0,1,1,5
715,6,2,0,1,1,5
716,6,2,0,1,1,5
717,6,2,0,1,1,5
718,6,2,0,1,1,5
719,7,2,0,1,1,5
720,7,2,0,1,1,5
721,7,2,0,1,1,5
722,6,2,0,1,0,5
723,6,2,0,1,0,5
724,6,2,0,1,0,5
725,7,2,0,1,0,5
726,7,2,0,1,0,5
727,7,2,0,1,0,5
728,6,2,0,1,0,5
729,6,2,0,1,0,5
730,7,2,0,1,0,5
731,7,2,0,1,1,5
732,7,2,0,1,1,5
733,7,2,0,1,1,5
734,6,2,0,1,1,5
735,6,2,0,1,1,5
736,6,2,0,1,1,5
737,5,2,0,1,1,5
738,5,2,0,1,1,5
739,5,2,0,1,1,5
740,5,2,0,1,1,5
741,7,2,0,2,1,5
742,8,2,0,2,1,5
743,6,2,0,2,1,5
744,6,2,0,2,1,5
745,7,2,0,2,1,5
746,5,2,0,1,1,5
747,5,2,0,1,1,5
748,5,2,0,1,1,5
749,7,2,0,1,1,5
750,7,2,0,1,1,5
751,6,2,0,1,1,5
752,6,2,0,0,1,5
753,6,2,0,0,1,5
754,6,2,0,0,1,5
755,6,2,0,0,1,5
756,7,2,0,0,1,5
757,7,2,0,0,1,5
758,7,2,0,1,1,5
759,9,2,0,2,2,5
760,9,2,0,2,2,5
761,8,2,0,2,1,5
762,9,2,0,2,1,5
763,9,2,0,2,1,5
764,7,2,0,1,1,5
765,8,2,0,2,1,5
766,8,2,0,2,1,5
767,8,2,0,2,1,5
768,8,2,0,2,0,5
769,9,2,0,2,1,5
770,9,2,0,1,1,5
771,9,2,0,1,1,5
772,9,2,0,1,1,5
773,8,2,0,1,1,5
774,8,2,0,1,1,5
775,8,2,0,1,1,5
776,6,2,0,1,1,5
777,6,2,0,1,1,5
778,5,2,0,1,0,5
779,6,2,0,0,1,5
780,6,2,0,0,1,5
781,6,2,0,0,1,5
782,7,2,0,1,1,5
783,6,2,0,1,1,5
784,7,2,0,1,1,5
785,6,2,0,0,1,5
786,6,2,0,0,1,5
787,6,2,0,0,1,5
788,5,2,0,0,1,5
789,6,2,0,0,1,5
790,6,2,0,0,1,5
791,5,2,0,0,1,5
792,5,2,0,0,1,5
793,5,2,0,0,1,5
794,5,2,0,0,1,5
795,5,2,0,0,1,5
796,5,2,0,0,1,5
797,6,2,0,0,1,5
798,6,2,0,0,1,5
799,6,2,0,0,1,5
800,4,2,0,0,1,5
801,5,2,0,0,1,5
802,5,2,0,0,1,5
803,7,2,0,0,1,5
804,7,2,0,0,1,5
805,7,2,0,0,1,5
806,7,2,0,0,1,5
807,5,2,0,0,0,5
808,6,2,0,0,0,5
809,5,2,0,0,0,5
810,4,2,0,0,0,5
811,3,2,0,0,0,5
812,7,2,0,1,0,5
813,6,2,0,0,0,5
814,8,2,0,1,0,5
815,8,2,0,1,0,5
816,7,2,0,1,0,5
817,8,2,0,1,0,5
818,8,2,0,1,0,5
819,6,2,0,3,0,5
820,6,2,0,3,0,5
821,5,2,0,3,0,5
822,5,2,0,3,0,5
823,6,2,0,3,0,5
824,6,2,0,3,0,5
825,5,2,0,2,0,5
826,6,2,0,2,1,5
827,6,2,0,2,1,5
828,5,2,0,2,0,5
829,5,2,0,2,0,5
830,5,2,0,2,0,5
831,4,2,0,3,0,5
832,4,2,0,3,0,5
833,4,2,0,3,0,5
834,4,2,0,3,0,5
835,5,2,0,3,0,5
836,5,2,0,3,0,5
837,5,2,0,2,0,5
838,5,2,0,2,0,5
839,5,2,0,2,0,5
840,4,2,0,1,0,5
841,5,2,0,1,0,5
842,5,2,0,1,0,5
843,4,2,0,2,0,5
844,5,2,0,2,0,5
845,5,2,0,2,0,5
846,4,2,0,2,0,5
847,4,2,0,2,0,5
848,4,2,0,2,0,5
849,5,2,0,2,0,5
850,5,2,0,2,0,5
851,5,2,0,2,0,5
852,6,2,0,2,0,5
853,6,2,0,1,1,5
854,6,2,0,1,1,5
855,6,2,0,2,1,5
856,7,2,0,3,1,5
857,7,2,0,3,1,5
858,7,2,0,3,1,5
859,7,2,0,3,1,5
860,7,2,0,3,1,5
861,5,2,0,1,1,5
862,7,2,0,2,1,5
863,7,2,0,2,1,5
864,6,2,0,1,1,5
865,7,2,0,1,0,5
866,6,2,0,1,0,5
867,5,2,0,1,0,5
868,7,2,0,2,0,5
869,7,2,0,2,0,5
870,4,2,0,1,0,5
871,4,2,0,1,0,5
872,4,2,0,1,0,5
873,4,2,0,2,0,5
874,4,2,0,2,0,5
875,4,2,0,2,0,5
876,4,2,0,1,0,5
877,4,2,0,1,0,5
878,4,2,0,1,0,5
879,3,2,0,1,0,5
880,4,2,0,1,0,5
881,4,2,0,1,0,5
882,5,2,0,1,0,5
883,6,2,0,1,0,5
884,6,2,0,1,0,5
885,7,2,0,1,1,5
886,7,2,0,1,1,5
887,8,2,0,1,1,5
888,5,2,0,1,0,5
889,5,2,0,1,0,5
890,5,2,0,1,0,5
891,5,2,0,1,0,5
892,3,2,0,1,0,5
893,3,2,0,1,0,5
894,4,2,0,2,0,5
895,3,2,0,1,0,5
896,4,2,0,2,0,5
897,4,2,0,2,0,5
898,3,2,0,1,0,5
899,5,2,0,1,1,5
900,5,2,0,1,1,5
901,4,2,0,1,1,5
902,4,2,0,1,1,5
903,4,2,0,1,1,5
904,4,2,0,1,1,5
905,4,2,0,1,1,5
906,4,2,0,1,1,5
907,5,2,0,2,1,5
908,6,2,0,2,1,5
909,6,2,0,2,1,5
910,5,2,0,1,1,5
911,6,2,0,1,2,5
912,7,2,0,1,2,5
913,7,2,0,1,1,5
914,7,2,0,1,1,5
915,7,2,0,1,1,5
916,5,2,0,1,1,5
917,5,2,0,1,1,5
918,5,2,0,1,1,5
919,5,2,0,1,1,5
920,5,2,0,1,1,5
921,5,2,0,1,1,5
922,7,2,0,1,2,5
923,7,2,0,1,2,5
924,7,2,0,1,2,5
925,7,2,0,1,2,5
926,7,2,0,1,2,5
927,6,2,0,1,2,5
928,7,2,0,1,2,5
929,7,2,0,1,2,5
930,7,2,0,1,2,5
931,6,2,0,1,2,5
932,6,2,0,1,2,5
933,6,2,0,1,2,5
934,6,2,0,1,1,5
935,6,2,0,1,1,5
936,6,2,0,1,1,5
937,5,2,0,0,1,5
938,6,2,0,0,1,5
939,5,2,0,0,1,5
940,6,2,0,1,1,5
941,6,2,0,1,1,5
942,6,2,0,1,1,5
943,4,2,0,1,1,5
944,5,2,0,1,1,5
945,5,2,0,1,1,5
946,6,2,0,1,1,5
947,6,2,0,1,1,5
948,5,2,0,1,1,5
949,4,2,0,0,1,5
950,5,2,0,0,1,5
951,5,2,0,0,1,5
952,5,2,0,1,0,5
953,5,2,0,1,0,5
954,5,2,0,1,0,5
955,5,2,0,1,0,5
956,5,2,0,1,0,5
957,5,2,0,1,0,5
958,6,2,1,2,0,5
959,6,2,1,2,0,5
960,6,2,1,2,0,5
961,5,2,1,2,0,5
962,5,2,1,2,0,5
963,5,2,1,2,0,5
964,5,3,1,2,0,5
965,5,3,1,2,0,5
966,5,3,1,2,0,5
967,4,3,1,1,0,5
968,4,3,1,1,0,5
969,4,3,1,1,0,5
970,5,3,1,2,0,5
971,6,3,1,2,0,5
972,5,3,1,2,0,5
973,5,3,1,2,0,5
974,6,3,1,3,0,5
975,6,3,1,3,0,5
976,5,3,1,2,0,5
977,5,3,1,2,0,5
978,5,3,1,2,0,5
979,5,3,1,2,0,5
980,6,3,1,2,0,5
981,5,3,1,2,0,5
982,5,3,1,2,0,5
983,6,3,1,3,0,5
984,6,3,1,3,0,5
985,6,3,1,3,0,5
986,4,3,1,3,0,5
987,4,3,1,3,0,5
988,4,3,1,3,0,5
989,5,3,1,3,0,5
990,6,3,1,3,0,5
991,6,3,1,3,0,5
992,6,3,1,4,0,5
993,5,3,1,4,0,5
994,5,3,1,4,0,5
995,6,3,1,4,0,5
996,6,3,1,4,0,5
997,6,3,1,4,0,5
998,6,3,1,3,0,5
999,6,3,1,3,0,5
1000,6,3,1,3,0,5
1001,8,3,1,4,0,5
1002,8,3,1,4,0,5
1003,8,3,1,4,0,5
1004,6,3,1,3,0,5
1005,8,3,1,4,0,5
1006,8,3,1,4,0,5
1007,8,3,1,4,0,5
1008,8,3,1,4,0,5
1009,7,3,1,4,0,5
1010,7,3,1,2,0,5
1011,7,3,1,2,0,5
1012,7,3,1,2,0,5
1013,7,3,1,2,0,5
1014,7,3,1,2,0,5
1015,7,3,1,2,0,5
1016,7,3,1,2,0,5
1017,8,3,1,2,0,5
1018,8,3,1,2,0,5
1019,7,3,1,2,0,5
1020,7,3,1,2,0,5
1021,7,3,1,2,0,5
1022,6,3,1,1,0,5
1023,7,3,1,2,0,5
1024,7,3,1,2,0,5
1025,6,3,1,1,0,5
1026,6,3,1,1,0,5
1027,6,3,1,1,0,5
1028,7,3,1,1,0,5
1029,8,3,1,1,0,5
1030,8,3,1,1,0,5
1031,8,3,1,1,0,5
1032,8,3,1,1,0,5
1033,7,3,1,0,0,5
1034,8,3,1,1,0,5
1035,9,3,1,2,0,5
1036,9,3,1,2,0,5
1037,7,3,1,2,0,5
1038,7,3,1,2,0,5
1039,7,3,1,2,0,5
1040,8,3,1,2,0,5
1041,7,3,1,2,0,5
1042,7,3,1,2,0,5
1043,7,3,1,2,0,5
1044,7,3,1,2,0,5
1045,7,3,1,2,0,5
1046,7,3,1,2,0,5
1047,7,3,1,2,0,5
1048,7,3,1,2,0,5
1049,8,3,1,2,0,5
1050,8,3,1,2,0,5
1051,8,3,1,2,0,5
1052,6,3,1,1,0,5
1053,6,3,1,1,0,5
1054,6,3,1,1,0,5
1055,8,3,1,2,0,5
1056,8,3,1,2,0,5
1057,8,3,1,2,0,5
1058,8,3,1,2,0,5
1059,8,3,1,2,0,5
1060,8,3,1,2,0,5
1061,7,3,1,2,0,5
1062,7,3,1,2,0,5
1063,7,3,1,2,0,5
1064,7,3,1,2,0,5
1065,6,3,1,2,0,5
1066,6,3,1,2,0,5
1067,6,3,1,2,0,5
1068,5,3,1,1,0,5
1069,4,3,1,1,0,5
1070,4,3,1,1,0,5
1071,8,3,1,2,0,5
1072,8,3,1,2,0,5
1073,7,3,1,2,0,5
1074,7,3,1,1,0,5
1075,7,3,1,1,0,5
1076,7,3,1,1,0,5
1077,7,3,1,1,0,5
1078,7,3,1,1,0,5
1079,7,3,1,1,0,5
1080,7,3,1,2,0,5
1081,8,3,1,2,0,5
1082,8,3,1,2,0,5
1083,8,3,1,2,0,5
1084,8,3,1,2,0,5
1085,8,3,1,2,0,5
1086,8,3,1,1,0,5
1087,8,3,1,1,0,5
1088,8,3,1,1,0,5
1089,8,3,1,1,0,5
1090,8,3,1,1,0,5
1091,8,3,1,1,0,5
1092,7,3,1,1,0,5
1093,7,3,1,1,0,5
1094,7,3,1,1,0,5
1095,7,3,1,1,0,5
1096,8,3,1,1,0,5
1097,8,3,1,1,0,5
1098,7,3,1,1,0,5
1099,7,3,1,1,0,5
1100,7,3,1,1,0,5
1101,8,3,1,2,0,5
1102,8,3,1,2,0,5
1103,8,3,1,2,0,5
1104,7,3,1,1,0,5
1105,8,3,1,1,0,5
1106,8,3,1,1,0,5
1107,7,4,1,1,0,5
1108,7,4,1,1,0,5
1109,7,4,1,1,0,5
1110,7,4,1,1,1,5
1111,7,4,1,1,1,5
1112,7,4,1,1,1,5
1113,7,4,1,1,1,5
1114,7,4,1,1,0,5
1115,7,4,1,1,0,5
1116,8,4,1,1,1,5
1117,9,4,1,1,1,5
1118,9,4,1,1,1,5
1119,8,4,1,1,0,5
1120,9,4,1,2,0,5
1121,9,4,1,2,0,5
1122,9,4,1,2,1,5
1123,9,4,1,2,1,5
1124,8,4,1,1,1,5
1125,9,4,1,2,1,5
1126,9,4,1,2,1,5
1127,9,4,1,2,1,5
1128,9,4,1,2,1,5
1129,10,4,1,2,1,5
1130,10,4,1,2,1,5
1131,9,4,1,1,1,5
1132,9,4,1,1,1,5
1133,9,4,1,1,1,5
1134,9,4,1,1,1,5
1135,9,4,1,1,1,5
1136,9,4,1,1,1,5
1137,8,4,1,1,1,5
1138,9,4,1,2,1,5
1139,9,4,1,2,1,5
1140,9,4,1,2,1,5
1141,9,4,1,2,1,5
1142,9,4,1,2,1,5
1143,8,4,1,1,1,5
1144,8,4,1,1,1,5
1145,8,4,1,1,1,5
1146,7,4,1,1,1,5
1147,7,4,1,1,1,5
1148,7,4,1,1,1,5
1149,8,4,1,2,1,5
1150,9,4,1,2,1,5
1151,9,4,1,2,1,5
1152,9,4,1,2,1,5
1153,9,4,1,2,1,5
1154,9,4,1,2,1,5
1155,9,4,1,2,1,5
1156,9,4,1,2,1,5
1157,10,4,1,2,1,5
1158,10,4,1,2,1,5
1159,8,4,1,1,1,5
1160,8,4,1,1,1,5
1161,8,4,1,1,1,5
1162,10,4,1,2,1,5
1163,10,4,1,2,1,5
1164,10,4,1,2,1,5
1165,9,4,1,2,1,5
1166,11,4,1,2,2,5
1167,11,4,1,2,2,5
1168,9,4,1,2,1,5
1169,9,4,1,2,1,5
1170,9,4,1,2,1,5
1171,11,4,1,2,1,5
1172,11,4,1,2,1,5
1173,12,4,1,2,1,5
1174,9,4,1,2,0,5
1175,9,4,1,2,0,5
1176,9,4,1,2,0,5
1177,11,4,1,2,1,5
1178,11,4,1,2,1,5
1179,11,4,1,2,1,5
1180,11,4,1,2,1,5
1181,11,4,1,2,1,5
1182,11,4,1,2,1,5
1183,11,4,1,2,0,5
1184,11,4,1,2,0,5
1185,11,4,1,2,0,5
1186,11,4,1,2,0,5
1187,11,4,1,2,0,5
1188,11,4,1,2,0,5
1189,10,4,1,2,0,5
1190,10,4,1,2,0,5
1191,10,4,1,2,0,5
1192,10,4,1,2,0,5
1193,10,4,1,2,0,5
1194,10,4,1,2,0,5
1195,9,4,1,2,0,5
1196,9,4,1,2,0,5
1197,9,4,1,2,0,5
1198,11,4,1,2,0,5
1199,10,4,1,2,0,5
1200,10,4,1,2,0,5
1201,10,4,1,2,0,5
1202,11,4,1,2,0,5
1203,11,4,1,2,0,5
1204,9,4,1,2,0,5
1205,9,4,1,2,0,5
1206,9,4,1,2,0,5
1207,10,4,1,2,0,5
1208,11,4,1,2,0,5
1209,11,4,1,2,0,5
1210,9,4,1,1,0,5
1211,9,4,1,1,0,5
1212,9,4,1,1,0,5
1213,11,4,1,2,0,5
1214,11,4,1,2,0,5
1215,11,4,1,2,0,5
1216,11,4,1,2,0,5
1217,11,4,1,2,0,5
1218,11,4,1,2,0,5
1219,10,4,1,1,0,5
1220,10,4,1,1,0,5
1221,10,4,1,1,0,5
1222,11,4,1,2,0,5
1223,11,4,1,2,0,5
1224,10,4,1,1,0,5
1225,10,4,1,1,0,5
1226,10,4,1,1,0,5
1227,10,4,1,1,0,5
1228,10,4,1,2,0,5
1229,11,4,1,2,0,5
1230,11,4,1,2,0,5
1231,10,4,1,1,0,5
1232,10,4,1,1,0,5
1233,10,4,1,1,0,5
1234,10,4,1,1,0,5
1235,10,4,1,1,0,5
1236,10,4,1,1,0,5
1237,10,4,1,1,0,5
1238,11,4,1,2,0,5
1239,11,4,1,2,0,5
1240,10,4,1,1,0,5
1241,10,4,1,1,0,5
1242,10,4,1,1,0,5
1243,10,4,1,1,0,5
1244,10,4,1,2,0,5
1245,9,4,1,2,0,5
1246,9,4,1,2,0,5
1247,9,4,1,2,0,5
1248,9,4,1,2,0,5
1249,9,4,1,2,0,5
1250,9,4,1,3,0,5
1251,9,4,1,3,0,5
1252,9,4,1,3,0,5
1253,9,4,1,3,0,5
1254,9,4,1,3,0,5
1255,9,4,1,3,0,5
1256,9,4,1,3,0,5
1257,10,4,1,4,0,5
1258,10,4,1,4,0,5
1259,9,4,1,3,0,5
1260,9,4,1,3,0,5
1261,9,4,1,3,0,5
1262,9,4,1,3,0,5
1263,9,4,1,3,0,5
1264,9,4,1,3,0,5
1265,8,4,1,1,0,5
1266,8,4,1,1,0,5
1267,8,4,1,1,0,5
1268,9,4,1,2,0,5
1269,10,4,1,2,0,5
1270,10,4,1,2,0,5
1271,9,4,1,2,0,5
1272,9,4,1,2,0,5
1273,9,4,1,2,0,5
1274,9,4,1,2,0,5
1275,9,4,1,2,0,5
1276,9,4,1,2,0,5
1277,10,4,1,2,0,5
1278,11,4,1,2,0,5
1279,11,4,1,2,0,5
1280,10,4,1,3,0,5
1281,10,4,1,3,0,5
1282,10,4,1,3,0,5
1283,10,4,1,3,0,5
1284,11,4,1,3,0,5
1285,11,4,1,3,0,5
1286,10,4,1,4,0,5
1287,10,4,1,4,0,5
1288,10,4,1,4,0,5
1289,9,4,1,3,0,5
1290,9,4,1,3,0,5
1291,9,4,1,3,0,5
1292,10,4,1,3,0,5
1293,10,4,1,3,0,5
1294,10,4,1,3,0,5
1295,9,4,1,3,0,5
1296,9,4,1,3,0,5
1297,9,4,1,3,0,5
1298,9,4,1,3,0,5
1299,9,4,1,3,0,5
1300,9,4,1,3,0,5
1301,9,4,1,3,0,5
1302,9,4,1,3,0,5
1303,9,4,1,3,0,5
1304,10,4,1,2,0,5
1305,9,4,1,1,0,5
1306,9,4,1,1,0,5
1307,7,4,1,0,0,5
1308,8,4,1,0,0,5
1309,9,4,1,1,0,5
1310,9,4,1,2,0,5
1311,10,4,1,2,0,5
1312,10,4,1,2,0,5
1313,9,4,1,2,0,5
1314,9,4,1,2,0,5
1315,9,4,1,2,0,5
1316,10,4,1,2,0,5
1317,10,4,1,2,0,5
1318,10,4,1,2,0,5
1319,10,4,1,2,0,5
1320,10,4,1,2,0,5
1321,10,4,1,2,0,5
1322,10,4,1,2,0,5
1323,11,4,1,2,0,5
1324,11,4,1,2,0,5
1325,11,4,1,2,0,5
1326,10,4,1,2,0,5
1327,11,4,1,2,0,5
1328,11,4,1,2,0,5
1329,10,4,1,2,0,5
1330,10,4,1,2,0,5
1331,10,4,1,2,0,5
1332,10,4,1,2,0,5
1333,10,4,1,2,0,5
1334,10,4,1,2,0,5
1335,9,4,1,2,0,5
1336,9,4,1,2,0,5
1337,9,4,1,2,0,5
1338,10,4,1,2,0,5
1339,10,4,1,2,0,5
1340,10,4,1,2,0,5
1341,9,4,1,2,0,5
1342,9,4,1,2,0,5
1343,9,4,1,2,0,5
1344,10,4,1,2,0,5
1345,10,4,1,2,0,5
1346,10,4,1,2,0,5
1347,9,4,1,2,0,5
1348,9,4,1,2,0,5
1349,9,4,1,2,0,5
1350,9,4,1,2,0,5
1351,9,4,1,2,0,5
1352,9,4,1,2,0,5
1353,10,4,1,2,0,5
1354,10,4,1,2,0,5
1355,10,4,1,2,0,5
1356,10,4,1,2,0,5
1357,10,4,1,2,0,5
1358,10,4,1,2,0,5
1359,10,4,1,2,0,5
1360,10,4,1,2,0,5
1361,10,4,1,2,0,5
1362,10,4,1,2,0,5
1363,11,4,1,2,0,5
1364,11,4,1,2,0,5
1365,8,4,1,1,0,5
1366,8,4,1,1,0,5
1367,8,4,1,1,0,5
1368,9,4,1,1,0,5
1369,9,4,1,1,0,5
1370,9,4,1,1,0,5
1371,9,4,1,1,0,5
1372,9,4,1,1,0,5
1373,9,4,1,1,0,5
1374,8,4,1,1,0,5
1375,8,4,1,1,0,5
1376,8,4,1,1,0,5
1377,10,4,1,1,0,5
1378,10,4,1,1,0,5
1379,10,4,1,1,0,5
1380,9,4,1,1,0,5
1381,9,4,1,1,0,5
1382,9,4,1,1,0,5
1383,10,4,1,1,0,5
1384,11,4,1,2,0,5
1385,11,4,1,2,0,5
1386,9,4,1,1,0,5
1387,9,4,1,1,0,5
1388,9,4,1,1,0,5
1389,10,4,1,1,0,5
1390,10,4,1,1,0,5
1391,10,4,1,1,0,5
1392,10,4,1,1,0,5
1393,10,4,1,1,0,5
1394,10,4,1,1,0,5
1395,11,4,1,1,0,5
1396,11,4,1,1,0,5
1397,11,4,1,1,0,5
1398,11,4,1,2,0,5
1399,11,4,1,2,0,5
1400,11,4,1,2,0,5
1401,8,4,1,1,0,5
1402,8,4,1,1,0,5
1403,8,4,1,1,0,5
1404,8,4,1,1,0,5
1405,8,4,1,1,0,5
1406,8,4,1,1,0,5
1407,9,4,1,1,0,5
1408,10,4,1,2,0,5
1409,10,4,1,2,0,5
1410,10,4,1,2,0,5
1411,10,4,1,2,0,5
1412,10,4,1,2,0,5
1413,10,4,1,2,0,5
1414,10,4,1,2,0,5
1415,10,4,1,2,0,5
1416,10,4,1,2,0,5
1417,10,4,1,2,0,5
1418,10,4,1,2,0,5
1419,10,4,1,2,0,5
1420,10,4,1,2,0,5
1421,10,4,1,2,0,5
1422,10,4,1,2,0,5
1423,9,4,1,2,0,5
1424,8,4,1,1,0,5
1425,9,4,1,1,0,5
1426,8,4,1,1,0,5
1427,8,4,1,1,0,5
1428,8,4,1,1,0,5
1429,8,4,1,1,0,5
1430,8,4,1,1,0,5
1431,8,4,1,1,0,5
1432,8,4,1,1,0,5
1433,8,4,1,1,0,5
1434,8,4,1,1,0,5
1435,8,4,1,1,0,5
1436,8,4,1,1,0,5
1437,8,4,1,1,0,5
1438,8,4,1,1,0,5
1439,8,4,1,1,0,5
1440,8,4,1,1,0,5
1441,8,4,1,1,0,5
1442,8,4,1,1,0,5
1443,8,4,1,1,0,5
1444,8,4,1,1,0,5
1445,9,4,1,1,0,5
1446,10,4,1,2,0,5
1447,8,4,1,2,0,5
1448,8,4,1,2,0,5
1449,9,4,1,2,0,5
1450,10,4,1,2,0,5
1451,11,4,1,2,0,5
1452,10,4,1,2,0,5
1453,10,4,1,2,0,5
1454,10,4,1,2,0,5
1455,10,4,1,2,0,5
1456,9,4,1,2,0,5
1457,10,4,1,2,0,5
1458,10,4,1,2,0,5
1459,9,4,1,1,0,5
1460,9,4,1,1,0,5
1461,9,4,1,1,0,5
1462,9,4,1,1,0,5
1463,9,4,1,1,0,5
1464,9,4,1,1,0,5
1465,9,4,1,1,0,5
1466,9,4,1,1,0,5
1467,9,4,1,1,0,5
1468,9,4,1,0,0,5
1469,9,4,1,0,0,5
1470,9,4,1,0,0,5
1471,10,4,1,1,0,5
1472,11,4,1,1,0,5
1473,11,4,1,1,0,5
1474,11,4,1,1,0,5
1475,11,4,1,1,0,5
